<?xml version="1.0" encoding="UTF-8" ?>
<phpdoc>
    <title>ArangoDB PHP client API</title>
    <parser>
        <target>docs</target>
        <markers>
            <item>TODO</item>
            <item>FIXME</item>
        </markers>
        <extensions>
            <extension>php</extension>
        </extensions>
        <visibility></visibility>
    </parser>
    <transformer>
        <target>docs</target>
    </transformer>
    <logging>
        <level>warn</level>
        <paths>
            <default>{APP_ROOT}/data/log/{DATE}.log</default>
            <errors>{APP_ROOT}/data/log/{DATE}.errors.log</errors>
        </paths>
    </logging>
    <transformations>
        <template name="responsive" />
    </transformations>
    <files>
        <directory>lib</directory>
    </files>
</phpdoc>